-- phpMyAdmin SQL Dump
-- version 4.0.10.20
-- https://www.phpmyadmin.net
--
-- Servidor: 10.6.64.125
-- Tiempo de generación: 26-11-2018 a las 15:29:47
-- Versión del servidor: 5.5.56
-- Versión de PHP: 5.3.3

SET SQL_MODE = "NO_AUTO_VALUE_ON_ZERO";
SET time_zone = "+00:00";


/*!40101 SET @OLD_CHARACTER_SET_CLIENT=@@CHARACTER_SET_CLIENT */;
/*!40101 SET @OLD_CHARACTER_SET_RESULTS=@@CHARACTER_SET_RESULTS */;
/*!40101 SET @OLD_COLLATION_CONNECTION=@@COLLATION_CONNECTION */;
/*!40101 SET NAMES utf8 */;

--
-- Base de datos: `bd_usados2015`
--

-- --------------------------------------------------------

--
-- Estructura de tabla para la tabla `administrador`
--

CREATE TABLE IF NOT EXISTS `administrador` (
  `id` int(11) NOT NULL AUTO_INCREMENT,
  `id_usuario` int(11) NOT NULL,
  PRIMARY KEY (`id`),
  KEY `id` (`id_usuario`)
) ENGINE=InnoDB  DEFAULT CHARSET=utf8 COLLATE=utf8_unicode_ci AUTO_INCREMENT=18 ;

--
-- Volcado de datos para la tabla `administrador`
--

INSERT INTO `administrador` (`id`, `id_usuario`) VALUES
(17, 35);

-- --------------------------------------------------------

--
-- Estructura de tabla para la tabla `cliente`
--

CREATE TABLE IF NOT EXISTS `cliente` (
  `id_cliente` int(11) NOT NULL AUTO_INCREMENT,
  `id_usuario` int(11) NOT NULL,
  `nombre` text COLLATE utf8_unicode_ci NOT NULL,
  `apellidos` text COLLATE utf8_unicode_ci NOT NULL,
  `direccion` text COLLATE utf8_unicode_ci NOT NULL,
  `telefono` text COLLATE utf8_unicode_ci NOT NULL,
  PRIMARY KEY (`id_cliente`),
  KEY `id_usuario` (`id_usuario`)
) ENGINE=InnoDB  DEFAULT CHARSET=utf8 COLLATE=utf8_unicode_ci ROW_FORMAT=DYNAMIC AUTO_INCREMENT=37 ;

--
-- Volcado de datos para la tabla `cliente`
--

INSERT INTO `cliente` (`id_cliente`, `id_usuario`, `nombre`, `apellidos`, `direccion`, `telefono`) VALUES
(4, 4, 'Nena', 'Núñez Moreno', 'C/Severiana Fernandez, n*77, Zafra (Badajoz), 06300', '678956786'),
(5, 36, 'Juan Enrique', 'Peña Gallego', 'C/Severiana Fernandez, n*77, Zafra (Badajoz), 06300', '608938395'),
(10, 41, 'maria isabel', 'nuñez moreno', 'C/MORERA, Nº10  06150 SANTA MARTA  BADAJOZ', '696964913'),
(12, 43, 'Alejandro', 'Garlan', 'Avenida de los Cameranos,13 06300-Zafra', '924551299'),
(14, 45, 'JUAN CARLOS', 'TRIGO TREJO', 'c/ Ramón y Cajal, 10. 06150 SANTA MARTA, Badajoz', '678374169'),
(15, 46, 'Juan carlos', 'Trigo Trejo', 'Calle Ramon y Cajal n. 10  Santa Marta 06150 Badajoz', '924551299'),
(16, 47, 'macarena', 'sevilla', 'Sevilla', '660607393'),
(17, 48, 'Fermin', 'Santiago Rodriguez', 'C/Pio xII, 10. Santa Marta de los Barros,Badajoz', '647752242'),
(18, 49, 'Manuel', 'Perez Mendez', 'C/Bravo Murillo, 12 Corte de Peleas-06196, Badajoz', '924690252'),
(19, 50, 'Jose Luis ', 'Lopez Vazquez', 'C/Severiana Fernandez, 73  Zafra 06300 BADAJOZ', '680108956'),
(20, 51, 'Maria Jose ', 'Sierra Contador', 'C/Alcala y alenda,5 5b', '696964961'),
(21, 52, 'Maria', 'Reyes Fernandez', 'c/Colombia,10- 2 B', '924690252'),
(22, 53, 'Emilia', 'Sancho Quiros', 'calle Badajoz,10 1A', '924690253'),
(23, 54, 'Brigida', 'Tejero', 'Severiana Fernandez,  75  06300Zafra', '924550487'),
(24, 55, 'Remedios', 'Duque', 'Los Carmenes. 2 1D', '924550833'),
(26, 57, 'Pilar', 'Peña Gallego', 'Calle Trajano,2 , 5A', '927245132'),
(27, 58, 'MARIA', 'Reyes Fernandez', 'calle Colombia.10, 2 B', '954685241'),
(29, 60, 'Victor', 'Becerra Moreno', 'C/Nervión, 10, 8B', '667829570'),
(30, 61, 'Luis Antonio', 'Carretero Fabrega', 'Plaza de España, Zafra, 06300, Badajoz', '689286078'),
(31, 62, 'Julio', 'Seco', 'Plaza de America, 1 Zafra', '670630684'),
(32, 63, 'Maria Isabel ', 'Nuñez', 'Calle Morera, 10', '690252'),
(33, 64, 'Zahira Maria', 'Gonzalez Rosario', 'Calle Pelamios,14 1-O', '667286078'),
(34, 65, 'Enrique', 'Serviá', 'Calle orquidea, 11  06300ZAFRA', '699573569'),
(35, 66, 'marta', 'cintas fisico', 'av,republica argentina,22 A', '669523569'),
(36, 67, 'gracia ', 'LEON REYES', 'calle Pio XII, 8 SANTA MARTA', '924681072');

-- --------------------------------------------------------

--
-- Estructura de tabla para la tabla `pedido`
--

CREATE TABLE IF NOT EXISTS `pedido` (
  `id_pedido` int(11) NOT NULL AUTO_INCREMENT,
  `fecha_pedido` text COLLATE utf8_unicode_ci NOT NULL,
  `id_cliente` int(11) NOT NULL,
  `id_producto` int(11) NOT NULL,
  `nombre_producto` text COLLATE utf8_unicode_ci NOT NULL,
  `precio` float NOT NULL,
  `coste_pedido` int(11) NOT NULL,
  PRIMARY KEY (`id_pedido`),
  KEY `id_producto` (`id_producto`),
  KEY `id_cliente` (`id_cliente`),
  KEY `id_cliente_2` (`id_cliente`)
) ENGINE=InnoDB  DEFAULT CHARSET=utf8 COLLATE=utf8_unicode_ci AUTO_INCREMENT=129 ;

--
-- Volcado de datos para la tabla `pedido`
--

INSERT INTO `pedido` (`id_pedido`, `fecha_pedido`, `id_cliente`, `id_producto`, `nombre_producto`, `precio`, `coste_pedido`) VALUES
(7, '2017-09-20 18:14:12', 16, 649, 'Montblanc. Modelo Meisterstuck, color negro', 150, 250),
(8, '2017-09-20 18:14:12', 16, 650, 'Montblanc. Modelo Generation, color azul', 100, 250),
(9, '2017-10-11 12:12:08', 19, 202, 'El secreto del Nilo (Antonio Cabanas)', 15, 15),
(10, '2017-11-04 10:54:19', 20, 532, 'La orgía perpetua (Mario Vargas Llosa)', 2, 18),
(11, '2017-11-04 10:54:19', 20, 541, 'Luces de bohemia (Ramón María del Valle-Inclán)', 2, 18),
(12, '2017-11-04 10:54:19', 20, 517, 'Tres novelas ejemplares (Manuel Vázquez Montalbán)', 2, 18),
(13, '2017-11-04 10:54:19', 20, 474, 'Extremadura, el último paraíso', 10, 18),
(14, '2017-11-04 10:54:19', 20, 642, 'Casa y jardín. Cuartos de baño, pavimentos', 1, 18),
(15, '2017-11-04 10:54:19', 20, 645, 'Casas de Siempre. Recibidor, comprar antiguedades', 1, 18),
(17, '2017-11-19 20:16:21', 21, 194, 'El camino Mozárabe (Jesús Sánchez Adaliz)', 15, 30),
(18, '2017-11-19 20:16:21', 21, 193, 'El cautivo (Jesús Sánchez Adaliz)', 15, 30),
(20, '2017-12-09 18:25:53', 22, 218, 'Sinué el Egipcio (Mika Waltari)', 15, 30),
(21, '2017-12-09 18:25:53', 22, 185, 'La traición de Roma (Santiago Posterguillo)', 15, 30),
(22, '2017-12-20 13:14:20', 23, 192, 'El hijo del desierto (Antonio Cabanas)', 15, 30),
(23, '2017-12-20 13:14:21', 23, 187, 'Circo Máximo (Santiago Posterguillo)', 15, 30),
(25, '2017-12-21 19:57:47', 24, 387, 'Antología poética (Federico García Lorca)', 1, 8),
(26, '2017-12-21 19:57:47', 24, 381, 'Caminante (Antonio Machado)', 1, 8),
(27, '2017-12-21 19:57:47', 24, 382, 'Desnudo (Jorge Guillén)', 1, 8),
(28, '2017-12-21 19:57:47', 24, 388, 'Poemas escogidos (Rafael Alberti)', 1, 8),
(29, '2017-12-21 19:57:47', 24, 389, 'Poesía (Pablo Neruda)', 1, 8),
(30, '2017-12-21 19:57:47', 24, 383, 'Rimas (Gustavo Adolfo Bécquer)', 1, 8),
(31, '2017-12-21 19:57:47', 24, 390, 'Veinte poemas de amor y una canción desesperada (Pablo Neruda)', 1, 8),
(32, '2017-12-21 19:57:47', 24, 380, 'Vientos del Pueblo (Miguel Hernández)', 1, 8),
(33, '2017-12-21 20:01:09', 24, 387, 'Antología poética (Federico García Lorca)', 1, 8),
(34, '2017-12-21 20:01:09', 24, 381, 'Caminante (Antonio Machado)', 1, 8),
(35, '2017-12-21 20:01:09', 24, 382, 'Desnudo (Jorge Guillén)', 1, 8),
(36, '2017-12-21 20:01:09', 24, 388, 'Poemas escogidos (Rafael Alberti)', 1, 8),
(37, '2017-12-21 20:01:09', 24, 389, 'Poesía (Pablo Neruda)', 1, 8),
(38, '2017-12-21 20:01:09', 24, 383, 'Rimas (Gustavo Adolfo Bécquer)', 1, 8),
(39, '2017-12-21 20:01:09', 24, 390, 'Veinte poemas de amor y una canción desesperada (Pablo Neruda)', 1, 8),
(40, '2017-12-21 20:01:09', 24, 380, 'Vientos del Pueblo (Miguel Hernández)', 1, 8),
(41, '2017-12-21 20:11:04', 24, 387, 'Antología poética (Federico García Lorca)', 1, 8),
(42, '2017-12-21 20:11:04', 24, 381, 'Caminante (Antonio Machado)', 1, 8),
(43, '2017-12-21 20:11:04', 24, 382, 'Desnudo (Jorge Guillén)', 1, 8),
(44, '2017-12-21 20:11:04', 24, 388, 'Poemas escogidos (Rafael Alberti)', 1, 8),
(45, '2017-12-21 20:11:04', 24, 389, 'Poesía (Pablo Neruda)', 1, 8),
(46, '2017-12-21 20:11:04', 24, 383, 'Rimas (Gustavo Adolfo Bécquer)', 1, 8),
(47, '2017-12-21 20:11:04', 24, 390, 'Veinte poemas de amor y una canción desesperada (Pablo Neruda)', 1, 8),
(48, '2017-12-21 20:11:04', 24, 380, 'Vientos del Pueblo (Miguel Hernández)', 1, 8),
(61, '2018-01-22 18:50:57', 23, 192, 'El hijo del desierto (Antonio Cabanas)', 15, 30),
(62, '2018-01-22 18:50:57', 23, 187, 'Circo Máximo (Santiago Posterguillo)', 15, 30),
(63, '2018-02-06 12:51:19', 26, 282, 'Un arcoiris en la noche (D. Lapierre)', 10, 15),
(64, '2018-02-06 12:51:19', 26, 94, 'El niño con el pijama de rayas', 5, 15),
(65, '2018-02-06 18:55:52', 26, 282, 'Un arcoiris en la noche (D. Lapierre)', 10, 15),
(66, '2018-02-06 18:55:52', 26, 94, 'El niño con el pijama de rayas', 5, 15),
(68, '2018-02-06 19:09:46', 21, 350, 'Asesinato en el Orient Express', 3, 9),
(69, '2018-02-06 19:09:46', 21, 349, 'El asesinato de Rogelio Ackroyd', 3, 9),
(70, '2018-02-06 19:09:46', 21, 353, 'El caso de los anónimos', 1, 9),
(71, '2018-02-06 19:09:46', 21, 123, 'Las chicas de alambre', 2, 9),
(87, '2018-05-20 17:09:21', 29, 359, 'La amenaza de Andrómeda (Michael Crichton)', 3, 6),
(88, '2018-05-20 17:09:21', 29, 356, 'La clave está en Rebeca (Ken Follet)', 3, 6),
(89, '2018-05-20 17:24:36', 30, 361, 'La momia (Anne Rice)', 3, 6),
(90, '2018-05-20 17:24:36', 30, 357, 'El último Don (Mario Puzo)', 3, 6),
(91, '2018-05-20 20:58:49', 29, 357, 'El último Don (Mario Puzo)', 3, 6),
(92, '2018-05-20 20:58:49', 29, 359, 'La amenaza de Andrómeda (Michael Crichton)', 3, 6),
(93, '2018-05-25 19:42:42', 17, 85, 'El cerdito Menta (colección "El Barco de Vapor")', 2, 6),
(94, '2018-05-25 19:42:42', 17, 86, 'Mr Pum (colección "El Barco de Vapor")', 2, 6),
(95, '2018-05-25 19:42:42', 17, 87, 'Jeruso quiere ser gente', 2, 6),
(96, '2018-05-25 19:50:10', 18, 111, 'Charlie y el gran ascensor de cristal', 2, 6),
(97, '2018-05-25 19:50:10', 18, 110, 'Konrad o el niño que salió de una lata de conservas', 2, 6),
(98, '2018-05-25 19:50:10', 18, 112, 'Las tormentas del mar embotellado', 2, 6),
(99, '2018-06-05 20:20:36', 31, 286, 'Caballo de Troya 2 (J. J. Benítez)', 10, 20),
(100, '2018-06-05 20:20:37', 31, 287, 'Caballo de Troya 3 (J. J. Benítez)', 10, 20),
(101, '2018-06-05 20:24:42', 31, 286, 'Caballo de Troya 2 (J. J. Benítez)', 10, 20),
(102, '2018-06-05 20:24:42', 31, 287, 'Caballo de Troya 3 (J. J. Benítez)', 10, 20),
(103, '2018-06-26 18:01:32', 17, 496, 'Atlas del mundo (El País)', 15, 30),
(104, '2018-06-26 18:01:32', 17, 500, 'Atlas enciclopédico (El Mundo)', 15, 30),
(107, '2018-08-06 13:23:33', 10, 269, 'Millennium: La chica que soñaba con una cerilla y un bidón de gasolina (Stieg Larsson)', 10, 35),
(108, '2018-08-06 13:23:34', 10, 270, 'Millennium: La reina en el palacio de las corrientes de aire  (Stieg Larsson)', 10, 35),
(109, '2018-08-06 13:23:34', 10, 271, 'Millennium: Lo que no te mata te hace más fuerte (David Lagercrantz)', 5, 35),
(110, '2018-08-06 13:23:34', 10, 268, 'Millennium: Los hombres que no amaban a las mujeres (Stieg Larsson)', 10, 35),
(111, '2018-08-13 10:54:24', 31, 673, 'Maletín clásico de Médico (cuero marrón)', 40, 40),
(113, '2018-08-22 16:06:04', 33, 195, 'Los pilares de la Tierra (Ken Follet)', 15, 18),
(114, '2018-08-22 16:06:04', 33, 358, 'Eclipse total (Stephen King)', 3, 18),
(115, '2018-09-23 20:23:43', 18, 69, 'El Rey León', 1, 4),
(116, '2018-09-23 20:23:44', 18, 73, 'Hércules', 1, 4),
(117, '2018-09-23 20:23:44', 18, 70, 'La bella y la bestia', 1, 4),
(118, '2018-09-23 20:23:44', 18, 72, 'Blancanieves', 1, 4),
(119, '2018-09-24 11:15:22', 18, 72, 'Blancanieves', 1, 4),
(120, '2018-09-24 11:15:22', 18, 69, 'El Rey León', 1, 4),
(121, '2018-09-24 11:15:22', 18, 70, 'La bella y la bestia', 1, 4),
(122, '2018-09-24 11:15:22', 18, 73, 'Hércules', 1, 4),
(123, '2018-10-09 10:45:42', 34, 190, 'Africanus (Santiago Posterguillo)', 15, 15),
(124, '2018-10-09 10:47:55', 34, 190, 'Africanus (Santiago Posterguillo)', 15, 15),
(125, '2018-10-09 10:51:25', 34, 190, 'Africanus (Santiago Posterguillo)', 15, 15),
(126, '2018-10-30 13:48:41', 35, 279, 'El arpista ciego (Terenci Moix)', 10, 20),
(127, '2018-10-30 13:48:41', 35, 278, 'No digas que fue un sueño (Terenci Moix)', 10, 20),
(128, '2018-11-10 20:00:22', 36, 671, 'Mochila-bolsa Samsonite (color negro). A estrenar. Envïo gratuito.', 40, 40);

-- --------------------------------------------------------

--
-- Estructura de tabla para la tabla `producto`
--

CREATE TABLE IF NOT EXISTS `producto` (
  `id_producto` int(11) NOT NULL AUTO_INCREMENT,
  `nombre_producto` text COLLATE utf8_unicode_ci NOT NULL,
  `precio` float NOT NULL,
  `id_subseccion` int(11) NOT NULL,
  `id_seccion` int(11) NOT NULL,
  PRIMARY KEY (`id_producto`),
  KEY `id_subseccion` (`id_subseccion`),
  KEY `id_subseccion_2` (`id_subseccion`),
  KEY `id_seccion` (`id_seccion`),
  KEY `id_subseccion_3` (`id_subseccion`),
  KEY `id_seccion_2` (`id_seccion`)
) ENGINE=InnoDB  DEFAULT CHARSET=utf8 COLLATE=utf8_unicode_ci AUTO_INCREMENT=675 ;

--
-- Volcado de datos para la tabla `producto`
--

INSERT INTO `producto` (`id_producto`, `nombre_producto`, `precio`, `id_subseccion`, `id_seccion`) VALUES
(1, 'Atenas', 2, 0, 1),
(2, 'Beijing', 2, 0, 1),
(3, 'Gran Muralla', 2, 0, 1),
(4, 'Capri', 2, 0, 1),
(5, 'Costa Azul', 2, 0, 1),
(6, 'Delhi, Agra y Jaipur (La India)', 2, 0, 1),
(7, 'Edimburgo', 2, 0, 1),
(8, 'Estambul', 2, 0, 1),
(9, 'Valle de los Reyes (Egipto)', 2, 0, 1),
(10, 'Florencia', 2, 0, 1),
(11, 'Finlandia', 2, 0, 1),
(12, 'Jordania', 2, 0, 1),
(13, 'Londres', 2, 0, 1),
(14, 'Todo Londres', 2, 0, 1),
(15, 'Nueva York', 2, 0, 1),
(16, 'Oxford', 2, 0, 1),
(17, 'Todo París', 2, 0, 1),
(18, 'San Petersburgo y alrededores', 2, 0, 1),
(19, 'Descubriendo Perú', 2, 0, 1),
(20, 'Pompeya', 2, 0, 1),
(21, 'Todo Portugal', 2, 0, 1),
(22, 'Praga', 2, 0, 1),
(23, 'Roma y Vaticano', 2, 0, 1),
(24, 'Roma', 2, 0, 1),
(25, 'Ciudad del Vaticano', 2, 0, 1),
(26, 'Tallín', 2, 0, 1),
(27, 'Toda Venecia', 2, 0, 1),
(28, 'Viena / Palacio Schönbrunn', 2, 0, 1),
(29, 'Guías pequeñas: Amsterdam', 1, 0, 1),
(30, 'Guías pequeñas: Berlín', 1, 0, 1),
(31, 'Guías pequeñas: Berlín con Potsdam', 1, 0, 1),
(32, 'Guías pequeñas: Colonia', 1, 0, 1),
(33, 'Guías pequeñas: Egipto', 1, 0, 1),
(34, 'Guías pequeñas: Egipto mini', 1, 0, 1),
(35, 'Guías pequeñas: La Habana', 1, 0, 1),
(36, 'Guías pequeñas: Italia', 1, 0, 1),
(37, 'Las Alpujarras', 1, 1, 1),
(38, 'Todo Córdoba', 2, 1, 1),
(39, 'Toledo', 2, 1, 1),
(40, 'Todo Madrid', 2, 1, 1),
(41, 'Todo Salamanca', 2, 1, 1),
(42, 'Todo Santiago', 2, 1, 1),
(43, 'Castillos y Paisajes', 2, 1, 1),
(44, 'Viajeros ingleses por Extremadura', 2, 1, 1),
(45, 'Salud y Viajes (manual de consejos prácticos)', 2, 1, 1),
(46, 'Castillos con encanto', 2, 2, 1),
(47, 'Pueblos pescadores con encanto', 2, 2, 1),
(48, 'Turismo natural', 2, 2, 1),
(49, 'Guía de casas rurales (mapa de carretera de España y Portugal)', 2, 2, 1),
(50, 'Alojamientos rurales', 2, 2, 1),
(51, 'Guía de hoteles, campings y restaurantes de Extremadura', 2, 2, 1),
(52, 'Guía del viajero (España y Portugal)', 2, 2, 1),
(53, 'Cantábrico y océano Atlántico (el viajero inteligente)', 2, 2, 1),
(54, 'Excursiones en otoño con su mejor amigo', 2, 2, 1),
(55, 'El médico viajando por España', 2, 2, 1),
(56, 'Anuario de turismo rural (2003)', 2, 2, 1),
(57, 'Guía Normon del viajero', 2, 2, 1),
(58, 'Rusticae (guía rural)', 2, 2, 1),
(59, 'Zalamea de la Serena', 2, 2, 1),
(60, 'Viaje por España', 2, 2, 1),
(61, 'Sierra de Gredos', 2, 2, 1),
(62, 'Hacia lo más alto. Expedición al Everest', 2, 2, 1),
(63, 'Conocer y vivir Monfragüe', 2, 2, 1),
(64, 'Guía de costas y restaurantes', 2, 2, 1),
(65, '17 guías sobre la geografía, turismo, arte y gastronomía de las comunidades de España', 2, 2, 1),
(66, 'Restaurantes de España', 2, 2, 1),
(67, 'El jorobado de Notre Dame', 1, 3, 2),
(68, 'Bambi', 1, 3, 2),
(69, 'El Rey León', 1, 3, 2),
(70, 'La bella y la bestia', 1, 3, 2),
(71, 'La dama y el vagabundo', 1, 3, 2),
(72, 'Blancanieves', 1, 3, 2),
(73, 'Hércules', 1, 3, 2),
(74, 'La bella durmiente', 1, 3, 2),
(75, 'El pato Donald', 1, 3, 2),
(76, 'El Rey León', 2, 4, 2),
(77, 'El maravilloso mundo de los animales', 2, 4, 2),
(79, 'Hänsel y Gretel', 2, 4, 2),
(80, 'El gato con botas', 2, 4, 2),
(81, 'Dinosaurios', 2, 4, 2),
(83, 'Gatitos', 2, 4, 2),
(84, 'Travesuras de Guillermo', 2, 4, 2),
(85, 'El cerdito Menta (colección "El Barco de Vapor")', 2, 4, 2),
(86, 'Mr Pum (colección "El Barco de Vapor")', 2, 4, 2),
(87, 'Jeruso quiere ser gente', 2, 4, 2),
(88, 'Harry Potter y el cáliz de fuego', 10, 5, 3),
(89, 'Harry Potter y la orden del fénix', 10, 5, 3),
(90, 'El diccionario del mago', 10, 5, 3),
(91, 'La magia del Grial', 5, 5, 3),
(92, 'Las crónicas de Narnia. El León, la bruja y el armario', 5, 5, 3),
(93, 'Las crónicas de Narnia. La silla de plata', 5, 5, 3),
(94, 'El niño con el pijama de rayas', 5, 5, 3),
(98, 'Querido hijo, estás despedido', 2, 5, 3),
(99, 'Cuentos para jugar', 2, 5, 3),
(101, 'Los hijos del vidriero (colección "El Barco de Vapor")', 2, 5, 3),
(102, 'Una casa con 7 habitaciones', 2, 5, 3),
(103, 'Kiatoski y el caso del tío vivo azul', 2, 5, 3),
(106, 'Las alas del sol (colección "El Barco de Vapor")', 2, 5, 3),
(107, 'El lugar más bonito del mundo', 2, 5, 3),
(108, 'Brumas de octubre', 2, 5, 3),
(109, 'Billy Elliot (colección "El Barco de Vapor")', 2, 5, 3),
(110, 'Konrad o el niño que salió de una lata de conservas', 2, 5, 3),
(111, 'Charlie y el gran ascensor de cristal', 2, 5, 3),
(112, 'Las tormentas del mar embotellado', 2, 5, 3),
(113, 'Colibrí-Colibrá', 2, 5, 3),
(114, 'El principito', 2, 5, 3),
(115, 'La dama del alba', 2, 5, 3),
(116, 'Mande a su hijo a Marte', 2, 5, 3),
(117, 'El secreto del ordenador', 2, 5, 3),
(119, 'La expedición perdida', 2, 5, 3),
(120, 'Lanzarote y los caballeros de la tabla redonda', 2, 5, 3),
(121, 'Eloisa está debajo de un almendro', 2, 5, 3),
(122, 'Los caballos de mi tío', 2, 5, 3),
(123, 'Las chicas de alambre', 2, 5, 3),
(124, 'Las aventuras de Ulises (clásicos adaptados)', 2, 5, 3),
(125, 'Cantar del Mio Cid (clásicos adaptados)', 2, 5, 3),
(126, 'Novelas ejemplares', 2, 5, 3),
(127, 'El príncipe de la niebla', 2, 5, 3),
(128, 'Alicia en el País de las Maravillas', 2, 5, 3),
(129, 'El extraño caso del Dr. Jekyll y Mr. Hyde (en español)', 2, 5, 3),
(130, 'El extraño caso del Dr. Jekyll y Mr. Hyde (en inglés)', 2, 5, 3),
(131, 'El misterio de la cripta embrujada', 2, 5, 3),
(132, 'El fantasma de Canterville (en español)', 2, 5, 3),
(133, 'El fantasma de Canterville (en inglés)', 2, 5, 3),
(134, 'El alumno', 2, 5, 3),
(135, 'The Queen and I (en inglés)', 2, 5, 3),
(136, 'El Mundo Perdido', 2, 5, 3),
(138, 'Huckleberry Finn', 5, 5, 3),
(139, 'Saga Crepúsculo: Crepúsculo', 5, 5, 3),
(140, 'Saga Crepúsculo: Luna Nueva', 10, 5, 3),
(141, 'Saga Crepúsculo: Eclipse', 10, 5, 3),
(142, 'Saga Crepúsculo: Amanecer', 10, 5, 3),
(143, 'Mini Larousse (diccionario enciclopédico juvenil ilustrado; 12 tomos)', 10, 5, 3),
(144, 'Spiderman', 2, 6, 3),
(145, 'Batman (1 y 2)', 2, 6, 3),
(146, 'Patrulla X (1, 2 y 3)', 2, 6, 3),
(147, 'Superman (1, 2 y 3)', 2, 6, 3),
(148, 'El increíble Hulk (1, 2 y 3)', 2, 6, 3),
(149, 'Iron Man (1, 2 y 3)', 2, 6, 3),
(150, 'Corto Maltés (1, 2 y 3)', 2, 6, 3),
(151, 'Conan el bárbaro (1, 2 y 3)', 2, 6, 3),
(152, 'Daredevil. Dan el defensor  (1, 2 y 3)', 2, 6, 3),
(153, 'The Spirit (1, 2 y 3)', 2, 6, 3),
(154, 'Los 4 fantásticos (1, 2 y 3)', 2, 6, 3),
(155, 'Los vengadores (1, 2 y 3)', 2, 6, 3),
(156, 'El poderoso Thor (1, 2 y 3)', 2, 6, 3),
(157, 'Blueberry (1, 2 y 3)', 2, 6, 3),
(158, 'Mortadelo y Filemón. El sulfato atómico', 2, 6, 3),
(159, 'Cocina vegetariana', 5, 7, 4),
(160, 'Carlos Arguiñano. El menú de cada día', 10, 7, 4),
(162, 'Cocina española baja en grasa y colesterol', 10, 7, 4),
(163, 'Prevenir la anemia. Comer sano (recetas de K. Arguiñano)', 10, 7, 4),
(164, 'Cocina natural', 3, 7, 4),
(165, 'Cocinar con patatas', 2, 7, 4),
(166, 'Pimientos, guindillas y pimentón', 2, 7, 4),
(167, 'Cocinar a presión', 2, 7, 4),
(168, 'Cocinar para diabéticos en invierno', 1, 7, 4),
(169, 'Cocinar para diabéticos en otoño', 1, 7, 4),
(170, 'Comer bien', 1, 7, 4),
(171, 'Guía de quesos españoles', 2, 7, 4),
(172, 'Guía de tapas para soñar', 2, 7, 4),
(173, 'Guía de platos tradicionales de España', 2, 7, 4),
(174, 'Guías de legumbres, pizzas, galletas y verduras', 2, 7, 4),
(175, 'Guía Café', 1, 7, 4),
(176, 'Omega 3. Salud en la cocina', 5, 7, 4),
(177, 'Omega 3. Las grasas diferentes', 5, 7, 4),
(178, 'Inés y Simone Ortega. Rebozados, barbacoas y parrillas', 5, 7, 4),
(179, 'Inés y Simón Ortega. Menús todo el año', 5, 7, 4),
(180, 'Inés y Simón Ortega. Tartas saladas, suflés y huevos', 5, 7, 4),
(181, 'Inés y Simón Ortega. Guisos, estofados y calderetas', 5, 7, 4),
(182, 'Cocina vegetariana saludable', 5, 7, 4),
(183, 'Cocina sana. Pescado y marisco, aves y caza, carne', 5, 7, 4),
(184, 'Microondas ("Círculo de Lectores")', 5, 7, 4),
(185, 'La traición de Roma (Santiago Posterguillo)', 15, 8, 5),
(186, 'La legión perdida (Santiago Posterguillo)', 15, 8, 5),
(187, 'Circo Máximo (Santiago Posterguillo)', 15, 8, 5),
(188, 'Las legiones Perdidas (Santiago Posterguillo)', 15, 8, 5),
(189, 'Los asesinos del emperador (Santiago Posterguillo)', 15, 8, 5),
(190, 'Africanus (Santiago Posterguillo)', 15, 8, 5),
(191, 'El ladrón de tumbas (Antonio Cabanas)', 15, 8, 5),
(192, 'El hijo del desierto (Antonio Cabanas)', 15, 8, 5),
(193, 'El cautivo (Jesús Sánchez Adaliz)', 15, 8, 5),
(194, 'El camino Mozárabe (Jesús Sánchez Adaliz)', 15, 8, 5),
(195, 'Los pilares de la Tierra (Ken Follet)', 15, 8, 5),
(196, 'La caída de los gigantes (Ken Follet)', 15, 8, 5),
(197, 'El invierno del mundo (Ken Follet)', 15, 8, 5),
(198, 'El umbral de la eternidad (Ken Follet)', 15, 8, 5),
(199, 'Un mundo sin fin (Ken Follet)', 15, 8, 5),
(200, 'Los herederos de la Tierra (Ildefonso Falcones)', 15, 8, 5),
(201, 'La catedral del Mar (Ildefonso Falcones)', 15, 8, 5),
(202, 'El secreto del Nilo (Antonio Cabanas)', 15, 8, 5),
(203, 'El Mozárabe (Jesús Sánchez Adaliz)', 10, 8, 5),
(204, 'El constructor de pirámides (Santiago Morata)', 10, 8, 5),
(205, 'Águilas y cuervos (P. Gedre)', 10, 8, 5),
(206, 'El juramento de los cruzados (R. Jordan)', 10, 8, 5),
(207, 'La estrella de sangre (N. Guila)', 10, 8, 5),
(208, 'Martyrium (S. Castellanos)', 10, 8, 5),
(209, 'El enviado de Roma', 10, 8, 5),
(210, 'Los Hijos del Senador (Olga Romay)', 15, 8, 5),
(211, 'El águila en la nieve (W. Bqeem)', 15, 8, 5),
(212, 'La hija del Nilo (Javier Negrete)', 15, 8, 5),
(213, 'El ejército perdido (Masimo Manfredi)', 15, 8, 5),
(214, 'El Asirio (N. Guild)', 10, 8, 5),
(215, 'Camino a Roma (Ben Kane)', 15, 8, 5),
(216, 'Salamina (Javier Negrete)', 15, 8, 5),
(217, 'Imperio (Steven Saylor)', 15, 8, 5),
(218, 'Sinué el Egipcio (Mika Waltari)', 15, 8, 5),
(219, 'El primer hombre de Roma (Colleen McCullongh)', 5, 8, 5),
(220, 'La corona de hierba (Colleen McCullongh)', 5, 8, 5),
(221, 'Favoritos de la fortuna (Colleen McCullongh)', 5, 8, 5),
(222, 'Las mujeres del César (Colleen McCullongh)', 5, 8, 5),
(223, 'El caballo del César (Colleen McCullongh)', 5, 8, 5),
(224, 'El juez de Egipto (Cristian Jaco)', 5, 8, 5),
(225, 'La reina Sol (Cristian Jaco)', 5, 8, 5),
(226, 'Azteca (G. Jennings)', 5, 8, 5),
(227, 'Aníbal (David A. Durhan)', 5, 8, 5),
(228, 'Chamán (Noah Gordon)', 5, 8, 5),
(229, 'Antonio y Cleopatra (Colleen McCullongh)', 5, 8, 5),
(230, 'César (Colleen McCullongh)', 5, 8, 5),
(231, 'La canción de Troya (Colleen McCullongh)', 5, 8, 5),
(232, 'Yo, Moctezuma (H. Thomas)', 5, 8, 5),
(233, 'Lucrecia Borgia (John Faunce)', 5, 8, 5),
(234, 'La legión de los inmortales (Massimiliano Colombo)', 5, 8, 5),
(235, 'Puertas de Fuego (S. Pressfield)', 5, 8, 5),
(236, 'Médico de cuerpos y almas (T. Caldwell)', 5, 8, 5),
(237, 'Invictus (Simone Sarasso)', 5, 8, 5),
(238, 'Yo, Claudio (Robert Graves)', 5, 8, 5),
(239, 'Claudio el dios y su esposa Mesalina', 5, 8, 5),
(240, 'Aníbal (Gisbert Haefs)', 5, 8, 5),
(241, 'Juliano, el apóstata (Gore Vidal)', 5, 8, 5),
(242, 'La legión olvidada (Ben Kane)', 5, 8, 5),
(243, 'El águila de plata (Ben Kane)', 5, 8, 5),
(244, 'El escriba del barro (L. Mediano)', 5, 8, 5),
(245, 'Gladiador (Gordon Russell)', 5, 8, 5),
(246, 'El águila del imperio (S. Scarrow)', 5, 8, 5),
(247, 'Roma vincit (S. Scarrow)', 5, 8, 5),
(248, 'Las garras del águila (S. Scarrow)', 5, 8, 5),
(249, 'El druida (M. Llywelyn)', 5, 8, 5),
(250, 'La conjura del faraón (Antonio Cabanas)', 5, 8, 5),
(251, 'Roma (S. Saylor)', 5, 8, 5),
(252, 'Alejandro Magno (Robin Lanefox)', 5, 8, 5),
(253, 'Calígula (Franceschini y P. Lunel)', 5, 8, 5),
(254, 'César imperial (Rex Waner)', 5, 8, 5),
(255, 'Guerra y Paz (Leon Tolstoi)', 5, 8, 5),
(256, 'El faraón negro (Cristian Jacq)', 5, 8, 5),
(257, 'Tutancamón (Cristian Jacq)', 5, 8, 5),
(258, 'Los secretos de Osiris (Antonio Cabanas)', 5, 8, 5),
(259, 'Faraón (Francis Févre)', 5, 8, 5),
(260, 'La ciudad prohibida (A. Min)', 5, 8, 5),
(261, 'Malinche (Laura Esquivel)', 5, 8, 5),
(262, 'La ciudad de los muertos (A. Gill)', 5, 8, 5),
(263, 'El médico (Noah Gordon)', 5, 8, 5),
(264, 'Sherezade, las mil y una noches', 5, 8, 5),
(265, 'Akhenatón (N. Hahfuz)', 5, 8, 5),
(266, 'Inca, la princesa del sol (H. B. Daniel)', 5, 8, 5),
(267, 'El macedonio (Nicolas Guild)', 5, 8, 5),
(268, 'Millennium: Los hombres que no amaban a las mujeres (Stieg Larsson)', 10, 9, 5),
(269, 'Millennium: La chica que soñaba con una cerilla y un bidón de gasolina (Stieg Larsson)', 10, 9, 5),
(270, 'Millennium: La reina en el palacio de las corrientes de aire  (Stieg Larsson)', 10, 9, 5),
(271, 'Millennium: Lo que no te mata te hace más fuerte (David Lagercrantz)', 5, 9, 5),
(272, 'El código DaVinci (Dan Brown)', 10, 9, 5),
(273, 'Ángeles y demonios (Dan Brown)', 10, 9, 5),
(274, 'Inferno (Dan Brown) (Dan Brown)', 10, 9, 5),
(275, 'Un milagro en equilibrio (Lucía Etxebarría)', 10, 9, 5),
(276, 'La hermandad de la buena suerte (Fernando Sabater)', 10, 9, 5),
(277, 'Riña de gatos (Eduardo Mendoza)', 10, 9, 5),
(278, 'No digas que fue un sueño (Terenci Moix)', 10, 9, 5),
(279, 'El arpista ciego (Terenci Moix)', 10, 9, 5),
(280, 'El negociador (F. Forsyth)', 10, 9, 5),
(281, 'Op-center (Tom Clancy)', 10, 9, 5),
(282, 'Un arcoiris en la noche (D. Lapierre)', 10, 9, 5),
(283, 'El quinto jinete (D. Lapierre)', 10, 9, 5),
(284, 'Cuarenta maneras de decir dolor (Gilis Blunt)', 10, 9, 5),
(285, 'El médico de Ifni (Javier Reverte)', 10, 9, 5),
(286, 'Caballo de Troya 2 (J. J. Benítez)', 10, 9, 5),
(287, 'Caballo de Troya 3 (J. J. Benítez)', 10, 9, 5),
(288, 'Intrigas y deseo (P. D. James)', 10, 9, 5),
(289, 'Lázaro (Morris West)', 10, 9, 5),
(290, 'Yo, Claudio (Robert Graves)', 10, 9, 5),
(291, 'Cabeza de turco (Wallraff)', 10, 9, 5),
(292, 'El Mundo Perdido', 10, 9, 5),
(293, 'Leon el africano (Amin Madlouf)', 10, 9, 5),
(294, 'El séptimo secreto (Irving Wallace)', 10, 9, 5),
(295, 'Invitado de honor (Irving Wallace)', 10, 9, 5),
(296, 'El cordero (Francois Mauriac)', 10, 9, 5),
(297, '¡Oh, es él! (Maruja Torres)', 10, 9, 5),
(298, '¡Ánimo Wilt! (Tom Sharpe)', 10, 9, 5),
(299, 'Las cortes de Coguaya (Ángel García Roldán)', 10, 9, 5),
(300, 'Relato de un naúfrago (G. Márquez)', 10, 9, 5),
(301, 'Paralelo 42 (John Dos Passos)', 5, 9, 5),
(302, 'Los sótanos del Vaticano (Andrés Gide)', 5, 9, 5),
(304, 'Una relación inconveniente (Anita Brookner)', 5, 9, 5),
(305, 'La que queda del día (K. Ishiguro)', 5, 9, 5),
(306, 'Amor conyugal (Alberto Moravia)', 5, 9, 5),
(307, 'El crimen del cine Oriente (Javier Tomeo)', 5, 9, 5),
(308, 'Brasil (John Updike)', 5, 9, 5),
(309, 'Buenos días, tristeza (Francoise Sagan)', 5, 9, 5),
(312, 'Dime quién soy (Julia Navarro)', 10, 9, 5),
(313, 'La hermandad de la sábana santa (Julia Navarro)', 10, 9, 5),
(314, 'Nada (Carmen Laforet)', 10, 9, 5),
(316, 'Lituma en los Andes (Varga Llosa)', 5, 9, 5),
(317, 'La casa de los espírutos (Isabel Allende)', 5, 9, 5),
(318, 'Ardor guerrero (Antonio  Muñoz Molina)', 5, 9, 5),
(319, 'Cabo Trafalgar (Arturo Pérez Reverte)', 2, 9, 5),
(320, 'Con flores a María (Alfonso Groso)', 2, 9, 5),
(321, 'El crimen de Cuenca (Salvador Maldonado)', 2, 9, 5),
(322, 'La ambición del César. Retrato político y humano de Felipe González', 2, 9, 5),
(323, '... Los cuarenta ladrones (Fernando V. Casas)', 2, 9, 5),
(324, 'El Giocondo (F. Umbral)', 2, 9, 5),
(325, 'La mujer como elemento indispensable para la respiración (Enrique J. Poncela)', 1, 9, 5),
(326, 'Mala índole (Javier Marías)', 1, 9, 5),
(327, 'Sodoma y Gomorra (C. Malaparte)', 1, 9, 5),
(328, 'Animal farm (George Orwell)', 1, 9, 5),
(329, 'Abismo (P. Benchley)', 1, 9, 5),
(330, 'El viejo y el mar (Ernest Hemingway)', 2, 9, 5),
(331, 'Un mundo feliz (Aldous Huxley)', 2, 9, 5),
(332, 'El ocho (Katherine Neville)', 5, 9, 5),
(333, '¡Oh, Jerusalén! (D. Lapierre Y L. Colling)', 5, 9, 5),
(334, 'La lista de Schindler (T. Keneally)', 5, 9, 5),
(335, 'Fuego en tus manos (N. Jordan)', 5, 9, 5),
(336, 'Peligro inminente (Tom Clancy)', 5, 9, 5),
(337, 'Iceberg (Clive Cussler)', 5, 9, 5),
(338, 'El emperador (F. Forsyth)', 5, 9, 5),
(339, '"La saga" y "Fuga de J. B." (Torrente Ballester)', 10, 9, 5),
(340, 'La guerra del fin del mundo (Varga Llosa)', 5, 9, 5),
(341, 'Cumbres borrascosas (Emily Bronte)', 10, 9, 5),
(342, '"La camisa" y "El cuarto poder" (L. Olmo)', 5, 9, 5),
(343, 'Niebla (Miguel de Unamuno)', 5, 9, 5),
(344, 'Antes y después del guerra (F. Bleu)', 5, 9, 5),
(345, 'La máquina de leer pensamientos (André Maurois)', 1, 9, 5),
(346, 'Monte Sinaí (Luis Sampedro)', 1, 9, 5),
(347, 'La egiptología (S. Saunerón)', 1, 9, 5),
(348, 'El misterioso caso de Styles', 3, 0, 6),
(349, 'El asesinato de Rogelio Ackroyd', 3, 0, 6),
(350, 'Asesinato en el Orient Express', 3, 0, 6),
(351, 'Maldad bajo el sol', 3, 0, 6),
(352, 'Poirot en Egipto', 3, 0, 6),
(353, 'El caso de los anónimos', 1, 0, 6),
(355, 'El dragón rojo (Thomas Harris)', 3, 0, 7),
(356, 'La clave está en Rebeca (Ken Follet)', 3, 0, 7),
(357, 'El último Don (Mario Puzo)', 3, 0, 7),
(358, 'Eclipse total (Stephen King)', 3, 0, 7),
(359, 'La amenaza de Andrómeda (Michael Crichton)', 3, 0, 7),
(360, 'El infiltrado (John Le Carré)', 3, 0, 7),
(361, 'La momia (Anne Rice)', 3, 0, 7),
(362, 'El jurado (John Crisman)', 3, 0, 7),
(363, 'El emperador (F. Forsyth)', 3, 0, 7),
(364, 'Marie Curie (Robert Reid)', 3, 0, 8),
(365, 'Einstein (Banesh Hoffmann)', 3, 0, 8),
(366, 'Gandhi (Heimo Rau)', 3, 0, 8),
(367, 'Miguel Angel (Heinrich Koch)', 3, 0, 8),
(368, 'Napoleón (André Maurois)', 3, 0, 8),
(369, 'Cleopatra (E. Bradford)', 5, 0, 8),
(370, 'Picasso (Roland Penrose)', 5, 0, 8),
(371, 'Winston Churchill', 5, 0, 8),
(372, 'Buda (R. Allen Mitchell)', 5, 0, 8),
(373, '100 mujeres de rompe y rasga', 2, 0, 8),
(374, 'Colección  Villalar: Alfonso X el Sabio (Julio Valdeón)', 2, 0, 18),
(375, 'Colección  Villalar: Claudio Sanchez-Albornoz (J. L. Martín)', 2, 0, 18),
(376, 'Colección  Villalar: Jorge Guillén (Antonio Piedra)', 2, 0, 18),
(377, 'Colección  Villalar: Miguel Delibes (Emilio Salcedo)', 2, 0, 18),
(378, 'Colección  Villalar: León Felipe (García de la Concha)', 2, 0, 18),
(379, 'Colección  Villalar: Emiliano Barral (J. Manuel Santamaría)', 2, 0, 18),
(380, 'Vientos del Pueblo (Miguel Hernández)', 1, 0, 9),
(381, 'Caminante (Antonio Machado)', 1, 0, 9),
(382, 'Desnudo (Jorge Guillén)', 1, 0, 9),
(383, 'Rimas (Gustavo Adolfo Bécquer)', 1, 0, 9),
(384, 'Don Álvaro o la fuerza del sino (Duque de Rivas)', 1, 0, 9),
(385, 'Entremeses (Miguel de Cervantes)', 1, 0, 9),
(386, 'Bibliotecas populares (Miguel de Cervantes)', 1, 0, 9),
(387, 'Antología poética (Federico García Lorca)', 1, 0, 9),
(388, 'Poemas escogidos (Rafael Alberti)', 1, 0, 9),
(389, 'Poesía (Pablo Neruda)', 1, 0, 9),
(390, 'Veinte poemas de amor y una canción desesperada (Pablo Neruda)', 1, 0, 9),
(391, 'Un sueño de la noche de San Juan (William Shakespeare)', 2, 0, 10),
(392, '"La gaviota" y "El jardín de los cerezos" (Antón Paulovich Chéjov)', 2, 0, 10),
(393, 'Fuente ovejuna (Lope de Vega)', 2, 0, 10),
(394, 'Vida de Rancé (Francoise-René de Chateau Briand)', 2, 0, 10),
(395, 'Los sufrimientos del joven Werther (Johan Goethe)', 2, 0, 10),
(396, '"Romeo y Julieta", y "Julio César" (William Shakespeare)', 2, 0, 10),
(397, 'La vida es sueño (Calderón de la Barca)', 2, 0, 10),
(398, '"Don Juan" y "Tartufo" (Moliére)', 2, 0, 10),
(399, '"La doma de la furia" y "El mercader de Venecia" (William Shakespeare)', 2, 0, 10),
(400, 'El caballero de Olmedo (Lope de Vega)', 2, 0, 10),
(401, '"El banquete" y "Fedón" (Platón)', 2, 0, 10),
(402, '"Andrómaca" y "Fedra" (J. Racine)', 2, 0, 10),
(403, 'Adolfo (B. Constant)', 2, 0, 10),
(404, 'Los milagros de nuestra señora (Gonzalo de Berceo)', 2, 0, 10),
(405, 'El retrato de Dorian Gray (Óscar Wilde)', 2, 0, 10),
(406, 'La princesa de Cléves (Madame de La Fallette)', 2, 0, 10),
(407, 'Rojo y Negro (Stendhal)', 2, 0, 10),
(408, 'Guillermo Tell (F. Bonschiller)', 2, 0, 10),
(409, 'La vida del buscón (Francisco de Quevedo)', 2, 0, 10),
(410, 'Obras completas (Garcilaso de la Vega)', 2, 0, 10),
(411, 'Manón Lescaut (Abate Prévost)', 2, 0, 10),
(412, '"Atala" y "René" (Chateau Briand)', 2, 0, 10),
(413, 'El libro de Apolonio', 2, 0, 10),
(414, '"La comedia nueva" y "El sí de las niñas" (Leandro Fernández de Moratín)', 2, 0, 10),
(415, 'El buscón (Francisco de Quevedo)', 2, 0, 10),
(416, 'San Camilo 1936 (Camilo José Cela)', 2, 0, 10),
(417, 'Cajón desastre (Camilo José Cela)', 2, 0, 10),
(418, 'Conversaciones españolas (Camilo José Cela)', 5, 0, 10),
(419, 'Episodios nacionales (Benito Pérez Galdós): 1', 5, 0, 10),
(420, 'Episodios nacionales (Benito Pérez Galdós): 2', 5, 0, 10),
(421, 'Yo, Alexis, biznieto del Zar', 3, 0, 10),
(422, 'Buen humor para hipertensos', 5, 0, 11),
(423, 'El mantenimiento del cuerpo', 5, 0, 11),
(424, 'El mono obeso', 5, 0, 11),
(425, 'Palabras como bálsamo', 5, 0, 11),
(426, 'Planeta encantado', 5, 0, 11),
(427, 'El sendero de la mano izquierda (Sánchez Dragó)', 5, 0, 11),
(428, 'Ayuda a tu hijo a entrenar su inteligencia', 5, 0, 11),
(429, 'Guía práctica para superar el estrés', 5, 0, 11),
(430, 'No existe la muerte', 5, 0, 11),
(431, 'Sabiduría esencial (Bernabé Tierno)', 5, 0, 11),
(432, 'El lenguaje del cuerpo', 5, 0, 11),
(434, 'La vida es bella, disfrútela', 3, 0, 11),
(435, 'Vivir con la enfermedad de Alzheimer', 3, 0, 11),
(436, 'De muerte natural (Antonio Mingote)', 5, 0, 11),
(437, 'Relatos', 5, 0, 11),
(438, 'La puerta de la esperanza', 5, 0, 11),
(439, 'El siguiente, por favor. La vida vista por un psiquiatra', 5, 0, 11),
(440, 'Preguntas básicas sobre la ciencia (Isaac Asimov)', 1, 0, 11),
(441, 'La ley de Murphy para médicos', 2, 0, 11),
(442, 'Alcohol y alcoholismo', 2, 0, 11),
(444, 'La meditación (Ramiro Calle)', 3, 0, 11),
(445, 'El anticipador y otros cuentos de mente', 3, 0, 11),
(446, 'Diga 33', 3, 0, 11),
(447, 'Cómo hacer bien el amor a una mujer', 3, 0, 11),
(448, 'Hombres fenómenos y personajes de excepción', 3, 0, 11),
(449, 'Más allá de la supervivencia', 1, 0, 11),
(450, 'Historias curiosas de la medicina', 1, 0, 11),
(451, 'Relatos (Valhondo)', 5, 0, 11),
(452, 'Cuentos, adivinanzas y refranes populares', 1, 0, 11),
(453, 'Los mejores cuentos policiales', 2, 0, 11),
(454, '"Pasión de Cristo" y "Pasión del mundo"', 2, 0, 11),
(455, 'En la cabecera de los protagonistas de la historia', 5, 0, 11),
(456, 'Sexo en piedra', 10, 0, 11),
(457, 'Quinoterapia (Quino)', 5, 0, 11),
(458, 'Por qué son escasas las fieras', 5, 0, 11),
(459, 'El libro de la sexualidad', 10, 0, 11),
(460, 'Europa y América (1492-1992)', 10, 0, 11),
(461, 'Ciudades del mundo', 15, 0, 11),
(462, 'Historia del Felipismo: Tomo 1', 10, 0, 11),
(463, 'Historia del Felipismo: Tomo 2', 10, 0, 11),
(464, 'Crónica del siglo XX', 25, 0, 11),
(465, 'Patrimonio de la humanidad (España y Portugal)', 15, 0, 11),
(466, 'Diccionario enciclopédico de los premios Novel de Medicina', 10, 0, 11),
(467, 'Los discursos de la corona en las cortes', 5, 0, 11),
(468, 'Extremadura, todo un descubrimiento (monumentos)', 10, 0, 12),
(469, 'Raíces (folklore extremeño)', 10, 0, 12),
(470, 'Raíces (Extremadura festiva)', 10, 0, 12),
(471, 'Extremadura: Tomo 1', 10, 0, 12),
(472, 'Extremadura: Tomo 2', 10, 0, 12),
(473, 'Cultura pastoril en la baja Extremadura', 5, 0, 12),
(474, 'Extremadura, el último paraíso', 10, 0, 12),
(475, 'Grandes músicos (sus vidas y sus enfermedades)', 10, 0, 13),
(476, 'Maestros de la música I (Planeta DeAgostini)', 10, 0, 13),
(477, 'Maestros de la música II (Planeta DeAgostini)', 10, 0, 13),
(478, 'Neoclasicismo y romanticismo (arquitectura, pintura, escultura y dibujo)', 25, 0, 14),
(479, 'Museo del Vaticano', 20, 0, 14),
(480, 'National gallery. Londres', 20, 0, 14),
(481, 'Medicina en la pintura I', 15, 0, 14),
(482, 'Medicina en la pintura II', 15, 0, 14),
(483, 'La obra completa de Leonardo', 10, 0, 14),
(484, 'La obra completa de Picasso', 10, 0, 14),
(485, 'Goya. Los caprichos', 15, 0, 14),
(486, 'Hermoso', 20, 0, 14),
(487, 'Juan Roldán', 10, 0, 14),
(488, 'Museo Británico', 5, 0, 14),
(489, 'El Hermitage', 5, 0, 14),
(490, 'Arte en la piel (fascículos 1, 2 y 3)', 5, 0, 14),
(491, 'Velázquez', 10, 0, 14),
(492, 'El arte egipcio en Berlín', 5, 0, 14),
(493, 'El maestro del Prado (Javier Sierra)', 5, 0, 14),
(494, 'Pequeñas guías de pintores ("Zurbarán", "Goya", "Romero de Torres", "Picasso")/cada una:', 1, 0, 14),
(495, 'Arte románico', 2, 0, 14),
(496, 'Atlas del mundo (El País)', 15, 0, 15),
(497, 'Geografía universal (Salvat)', 15, 0, 15),
(498, 'Parques naturales de España (Salvat)', 15, 0, 15),
(499, 'Castillos y palacios de España (Salvat)', 15, 0, 15),
(500, 'Atlas enciclopédico (El Mundo)', 15, 0, 15),
(501, 'La ventana siniestra (Raymond Chandler)', 2, 0, 19),
(502, 'El largo adios (Raymond Chandler)', 2, 0, 19),
(503, 'La dama del lago (Raymond Chandler)', 2, 0, 19),
(504, 'Peces de colores (Raymond Chandler)', 2, 0, 19),
(505, 'El gran sueño de oro (Chester Himes)', 2, 0, 19),
(506, 'Empieza el calor (Chester Himes)', 2, 0, 19),
(507, 'Por amor a Imabelle (Chester Himes)', 2, 0, 19),
(508, 'El escalofrío (Ross Macdonald)', 2, 0, 19),
(509, 'La bella durmiente (Ross Macdonald)', 2, 0, 19),
(510, 'Aguas profundas (Patricia Highsmith)', 2, 0, 19),
(511, 'Arma mortal (Walde Miller)', 2, 0, 19),
(512, 'El ángel triste (Carlos Pérez Merinero)', 2, 10, 16),
(513, 'Por amor al arte (Andreu Martín)', 2, 10, 16),
(514, 'Tarde, sesión continua (Jaume Fuster)', 2, 10, 16),
(515, 'Historia de Ada (Carlo Cassola)', 2, 10, 16),
(516, '"El Libro" y "La inmortalidad" (Jorge Luis Borges)', 2, 10, 16),
(517, 'Tres novelas ejemplares (Manuel Vázquez Montalbán)', 2, 10, 16),
(518, 'La aventura equinoccial de Lope de Aguirre (Ramón J. Sender)', 2, 10, 16),
(519, 'La muerte de Artemio Cruz (Carlos Fuentes)', 2, 10, 16),
(520, 'Elejías andaluzas (Juan Ramón Jiménez)', 2, 10, 16),
(521, 'Abel Sánchez (Miguel de Unamuno)', 2, 10, 16),
(522, 'Cuentos morales (Leopoldo Alas Clarín)', 2, 10, 16),
(523, 'Su único hijo (Leopoldo Alas Clarín)', 2, 10, 16),
(524, 'Lo que canté y dije de Picasso (Rafael Alberti)', 2, 10, 16),
(525, 'Barrabás y otros cuentos (Arturo Uslar Pietri)', 2, 10, 16),
(526, 'Las lanzas coloradas (Arturo Uslar Pietri)', 2, 10, 16),
(527, 'Oppiano Licario (José Lezama Lima)', 2, 10, 16),
(528, 'Paradiso (José Lezama Lima)', 2, 10, 16),
(529, 'El gran momento de Mary Tribune (Juan García Hortelano)', 2, 10, 16),
(530, 'Hombres de a caballo (David Viñas)', 2, 10, 16),
(531, 'El Astillero (J. C. Onetti)', 2, 10, 16),
(532, 'La orgía perpetua (Mario Vargas Llosa)', 2, 10, 16),
(533, 'Cien años de soledad (Gabriel García Márquez)', 2, 10, 16),
(534, 'El otoño del patriarca (Gabriel García Márquez)', 2, 10, 16),
(535, 'Los funerales de la mama grande (Gabriel García Márquez)', 2, 10, 16),
(536, 'Ojos de perro azul (Gabriel García Márquez)', 2, 10, 16),
(537, 'El coronel no tiene quien le escriba (Gabriel García Márquez)', 2, 10, 16),
(538, 'La mala hora (Gabriel García Márquez)', 2, 10, 16),
(539, 'Obra periodística de Europa y América (1955-1960)', 2, 10, 16),
(540, 'La verdad sobre el caso Savolta (Eduardo Mendoza Garriga)', 2, 10, 16),
(541, 'Luces de bohemia (Ramón María del Valle-Inclán)', 2, 10, 16),
(542, 'Sonata de primavera (Ramón María del Valle-Inclán)', 2, 10, 16),
(543, 'Réquiem por un campesino español (Ramón J. Sender)', 2, 10, 16),
(544, 'La muerte de una dama (Llorenç Villalonga)', 2, 10, 16),
(545, 'Bearn o la sala de las muñecas (Llorenç Villalonga)', 2, 10, 16),
(546, 'Isla de la simpatía (Juan Ramón Jiménez)', 2, 10, 16),
(547, 'Cartas literarias (Juan Ramón Jiménez)', 2, 10, 16),
(548, 'Poesía-prosa (Vicente Aleixandre)', 2, 10, 16),
(549, 'Don Segundo Sombra (Ricardo Güiraldes)', 2, 10, 16),
(550, 'Viaje por la Europa roja (Fernando Díaz Plaja)', 2, 10, 16),
(551, 'Mi credo (Hermann Hesse)', 2, 11, 16),
(552, 'El caminante (Hermann Hesse)', 2, 11, 16),
(553, 'En el balneario (Hermann Hesse)', 2, 11, 16),
(554, 'El topo (John le Carré)', 2, 11, 16),
(555, 'Manhattan Transfer (John Dos Passos)', 2, 11, 16),
(556, 'Las alas de la paloma (Henry James)', 2, 11, 16),
(557, 'Otra vuelta de tuerca (Henry James)', 2, 11, 16),
(558, 'Los pasos perdidos (Alejo Carpentier)', 2, 11, 16),
(559, 'Ecue-Yamba-O (Alejo Carpentier)', 2, 11, 16),
(560, 'El siglo de las luces (Alejo Carpentier)', 2, 11, 16),
(561, 'El americano impasible (Graham Green)', 2, 11, 16),
(562, 'Manon Lescaut (Abate Prévost)', 2, 11, 16),
(563, 'Diarios de las estrellas (Stanislaw Lem)', 2, 11, 16),
(564, 'Ultramarina (Malcolm Lowry)', 2, 11, 16),
(565, 'La edad de la inocencia (Edith Wharton)', 2, 11, 16),
(566, 'Relatos (G. Tomasi Di Lampedusa)', 2, 11, 16),
(567, 'La nave de los locos (K. Anne Potter)', 2, 11, 16),
(568, 'Las máscaras (Jorge Edwards)', 2, 11, 16),
(569, 'Cuando ella era buena (Philip Roth)', 2, 11, 16),
(570, 'El lamento de Portnoy (Phillip Roth)', 2, 11, 16),
(571, 'El tambor de hojalata (Günter Grass)', 2, 11, 16),
(572, 'El contexto (Leonardo Sciascia)', 2, 11, 16),
(573, 'Los tíos de Sicilia (Leonardo Sciascia)', 2, 11, 16),
(574, 'En tierra de infieles (Leonardo Sciascia)', 2, 11, 16),
(575, 'Las Parroquias de Regalpetra (Leonardo Sciascia)', 2, 11, 16),
(576, 'Lord Jim (Joseph Conrad)', 2, 11, 16),
(577, 'El mundo antiguo (John A. Garraty y Peter Gay)', 2, 11, 16),
(578, 'El mundo medieval (John A. Garraty y Peter Gay)', 2, 11, 16),
(579, 'La reliquia (Eça de Queiroz)', 2, 11, 16),
(580, 'El misterio de la carretera de Sintra (Eça de Queiroz)', 2, 11, 16),
(581, 'Los náufragos del Jonathan (Julio Verne y Michel Verne)', 2, 11, 16),
(582, 'Cuentos de la infancia y del hogar (Hermanos Grimm)', 2, 11, 16),
(583, 'Fuertes como la muerte (Guy de Maupassant)', 2, 11, 16),
(584, 'Pigmalión (musical de George Bernard Shaw)', 2, 11, 16),
(585, 'Anäis Nin (diario II; 1934-1939)', 2, 11, 16),
(586, 'Anäis Nin (diario III; 1939-1944)', 2, 11, 16),
(587, 'Vathek (William Beckford)', 2, 11, 16),
(588, 'Santuario (William Faulkner)', 2, 11, 16),
(589, 'La amenaza de Andrómeda (Michael Chrichton)', 2, 11, 16),
(590, 'El que susurra en la oscuridad (H. P. Lovecraft)', 2, 11, 16),
(591, 'Drácula (Bram Stoker)', 2, 11, 16),
(592, 'El proceso (Frank Kafka)', 2, 11, 16),
(593, 'Yonqui (William Burroughs)', 2, 11, 16),
(594, 'Peces sin escondite (J. Hadley Chase)', 2, 11, 16),
(595, 'Vanina Vanini y otros relatos (Stendhal)', 2, 11, 16),
(596, 'Reloj sin manecillas (Carson McCullers)', 2, 11, 16),
(597, '"La playa" y "Fiesta de agosto" (C. Pavese)', 2, 11, 16),
(598, 'Papá Goriot (H. de Balzac)', 2, 11, 16),
(599, 'Ilusiones perdidas (H. de Balzac)', 2, 11, 16),
(600, 'Infancia, adolescencia, juventud (León Tolstói)', 2, 11, 16),
(601, 'Sexus (Henry Miller)', 2, 11, 16),
(602, 'El Crack-Up (F. Scott Fitzgerald)', 2, 11, 16),
(603, 'Historia de la columna infame (Alessandro Manzoni)', 2, 11, 16),
(604, 'Madame Bovary (Gustave Flanbert)', 2, 11, 16),
(605, 'El súbdito (Heinrich Mann)', 2, 11, 16),
(606, 'Candidato o un sueño siciliano (Leonardo Sciascia)', 2, 11, 16),
(607, 'Teatro contemporáneo (August Strindberg)', 2, 11, 16),
(608, 'Eugenia Grandet (Honoré de Balzac)', 2, 11, 16),
(609, 'Robinson Crusoe (Daniel Defoe)', 2, 11, 16),
(610, 'Historias de piratas (Daniel Defoe)', 2, 11, 16),
(611, 'Diario del año de la peste (Daniel Defoe)', 2, 11, 16),
(612, 'Acuéstate sobre lirios (James Hadley Chase)', 2, 11, 16),
(613, 'Un loto para Miss Quoni (James Hadley Chase)', 2, 11, 16),
(614, 'Una radiante mañana estival (James Hadley Chase)', 2, 11, 16),
(615, 'Los demonios (Fiódor Dostoyevski)', 2, 11, 16),
(616, '"Cuentos de Odessa" y "Relatos" (Isaak E. Babel)', 2, 11, 16),
(617, 'La princesa de Clèves (Madame de La Fayette)', 2, 11, 16),
(618, '"El diablo en las colinas" y "Entre mujeres solas" (Cesare Pavese)', 2, 11, 16),
(619, 'El sonido y la furia (William Faulkner)', 2, 11, 16),
(620, 'Oscuro como la tumba donde yace mi amigo (Malcolm Lowry)', 2, 11, 16),
(621, 'Una guerra de Sahibs (Rudyard Kipling)', 2, 11, 16),
(622, 'Moby Dick (Herman Melville)', 2, 11, 16),
(623, 'Melmoth el errabundo (Charles Maturin)', 2, 11, 16),
(624, 'Aventuras de un cadáver (Robert Louis Stevenson)', 2, 11, 16),
(625, 'Fausto (Johann Wolfgang von Goethe)', 2, 0, 10),
(626, 'El Mueble. Especial cuartos de baño', 1, 0, 17),
(627, 'El Mueble. Vestidores y armarios', 1, 0, 17),
(628, 'El Mueble. Sofá y parqué', 1, 0, 17),
(629, 'El Mueble. Cocina y cortinas de salón', 1, 0, 17),
(630, 'El Mueble. Iluminación y telas de dormitorio', 1, 0, 17),
(631, 'El Mueble. Especial pocos metros', 1, 0, 17),
(632, 'El Mueble. Especial 40 aniversario', 1, 0, 17),
(633, 'El Mueble. Salones y guías de pintura', 1, 0, 17),
(634, 'Chalét Decó. Especial offices', 1, 0, 17),
(635, 'Chalét Decó. Jardines y armarios', 1, 0, 17),
(636, 'Chalét Decó. 8 casas bien decoradas', 1, 0, 17),
(637, 'Chalét Decó. 12 vestidores con muchas ideas', 1, 0, 17),
(638, 'Chalét Decó. 9 cuartos de baño', 1, 0, 17),
(639, 'Chalét Decó. 6 salones', 1, 0, 17),
(640, 'Chalét Decó. 6 buhardillas con mucho estilo', 1, 0, 17),
(641, 'Chalét Decó. 9 buhardillas bien aprovechadas', 1, 0, 17),
(642, 'Casa y jardín. Cuartos de baño, pavimentos', 1, 0, 17),
(643, 'Elle Decoración. Librerías y telas', 1, 0, 17),
(644, 'Mi Casa. Lámparas y apliques', 1, 0, 17),
(645, 'Casas de Siempre. Recibidor, comprar antiguedades', 1, 0, 17),
(646, 'Nuevo Estilo. Comedor, iluminación del baño', 1, 0, 17),
(647, 'Habitania. Mesa centro, muebles cocina', 1, 0, 17),
(648, 'Montblanc. Modelo Generation, color negro', 100, 12, 20),
(649, 'Montblanc. Modelo Meisterstuck, color negro', 150, 12, 20),
(650, 'Montblanc. Modelo Generation, color azul', 100, 12, 20),
(651, 'Montblanc. Fino, color negro', 80, 12, 20),
(652, 'Montblanc. Modelo Noblesse Oblige, color azul', 150, 12, 20),
(653, 'Christian Dior Paris. Color oro viejo', 100, 13, 20),
(654, 'Inoxcrom. Color dorado', 30, 14, 20),
(655, 'Cross. Un portaminas y un bolígrafo de acero', 60, 15, 20),
(656, 'Inoxcrom. Modelo Pure Class, color gris tierra', 50, 14, 20),
(657, 'Waterman Paris. Modelo Hemisphere acero', 50, 16, 20),
(659, 'El Tragaluz (Antonio Buero Vallejo)', 3, 10, 10),
(663, 'Conspiración (Robert Harris)', 5, 8, 5),
(665, 'Tres Tristes Tigres (Gillermo Cabrera Infante)', 5, 9, 5),
(666, 'Maletin cuero marrón (marca "Abadía"). A estrenar. Envío gratuito.', 120, 0, 22),
(667, 'Maletín Samsonite (color verde). Envío gratuito.', 120, 0, 22),
(668, 'Maletín cuero marrón (con asa y bandolera, marca "Abadía"). A estrenar. Envío gratuito.', 110, 0, 22),
(670, 'Maletín Portadocumentos (piel marrón). A estrenar. Envío gratuito.', 100, 0, 22),
(671, 'Mochila-bolsa Samsonite (color negro). A estrenar. Envïo gratuito.', 40, 0, 22),
(672, 'Maleta pegueña de piel. A estrenar. Envío gratuito.', 120, 0, 22),
(673, 'Maletín clásico de Médico (cuero marrón)', 40, 0, 22),
(674, 'Mechero Dupont oro', 200, 17, 21);

-- --------------------------------------------------------

--
-- Estructura de tabla para la tabla `seccion`
--

CREATE TABLE IF NOT EXISTS `seccion` (
  `id` int(11) NOT NULL AUTO_INCREMENT,
  `nombre_seccion` text COLLATE utf8_unicode_ci NOT NULL,
  `id_subseccion` varchar(50) COLLATE utf8_unicode_ci NOT NULL,
  PRIMARY KEY (`id`)
) ENGINE=InnoDB  DEFAULT CHARSET=utf8 COLLATE=utf8_unicode_ci AUTO_INCREMENT=23 ;

--
-- Volcado de datos para la tabla `seccion`
--

INSERT INTO `seccion` (`id`, `nombre_seccion`, `id_subseccion`) VALUES
(1, 'Guías de viaje', '0, 1 y 2'),
(2, 'Libros y cuentos infantiles', '3 y 4'),
(3, 'Literatura juvenil', '5 y 6'),
(4, 'Libros de cocina', '0 o 7'),
(5, 'Novela', '8 y 9'),
(6, 'Novelas de Agatha Christie', '0'),
(7, 'Genios de la narrativa actual', '0'),
(8, 'Grandes biografías', '0'),
(9, 'Poesía', '0'),
(10, 'Clásicos universales', '0'),
(11, 'Varios (libros prácticos)', '0'),
(12, 'Extremadura', '0'),
(13, 'Música', '0'),
(14, 'Museos y pinturas', '0'),
(15, 'Atlas', '0'),
(16, 'Club bruguera - Libro amigo (edición de bolsillo)', '10 y 11'),
(17, 'Revistas de decoración', '0'),
(18, 'Colección Villalar', '0'),
(19, 'Novela negra', '0'),
(20, 'Boligrafos', '12, 13, 14, 15 y 16'),
(21, 'Mechero', '17'),
(22, 'Maletines', '0');

-- --------------------------------------------------------

--
-- Estructura de tabla para la tabla `subseccion`
--

CREATE TABLE IF NOT EXISTS `subseccion` (
  `id` int(11) NOT NULL AUTO_INCREMENT,
  `nombre_subseccion` text COLLATE utf8_unicode_ci NOT NULL,
  PRIMARY KEY (`id`)
) ENGINE=InnoDB  DEFAULT CHARSET=utf8 COLLATE=utf8_unicode_ci AUTO_INCREMENT=18 ;

--
-- Volcado de datos para la tabla `subseccion`
--

INSERT INTO `subseccion` (`id`, `nombre_subseccion`) VALUES
(1, 'Guías de España'),
(2, 'Guías con encanto'),
(3, '9 libros móviles Disney'),
(4, 'Cuentos infantiles'),
(5, 'Novelas juveniles'),
(6, 'Comics'),
(7, 'Libros de cocina'),
(8, 'Novela histórica'),
(9, 'Novela actual'),
(10, 'Autores de habla castellana'),
(11, 'Autores extranjeros'),
(12, 'Montblanc'),
(13, 'Christian Dior'),
(14, 'Inoxcrom'),
(15, 'Cross'),
(16, 'Waterman'),
(17, 'S.T. Dupont');

-- --------------------------------------------------------

--
-- Estructura de tabla para la tabla `usuario`
--

CREATE TABLE IF NOT EXISTS `usuario` (
  `id` int(11) NOT NULL AUTO_INCREMENT,
  `correo` text COLLATE utf8_unicode_ci NOT NULL,
  `contrasenia` text COLLATE utf8_unicode_ci NOT NULL,
  PRIMARY KEY (`id`)
) ENGINE=InnoDB  DEFAULT CHARSET=utf8 COLLATE=utf8_unicode_ci AUTO_INCREMENT=68 ;

--
-- Volcado de datos para la tabla `usuario`
--

INSERT INTO `usuario` (`id`, `correo`, `contrasenia`) VALUES
(4, '41839ce7293893a30de72ade8c6d169f', 'a57e8915461b83adefb011530b711704'),
(36, '0128d9295656822c5cd6a62b064178e2', '17eae5566246f13fad6728d1fec583b7'),
(41, 'af2f17f5a3f082df0ff2ee605769f379', 'd351ff09a25348925745ab083eb845e3'),
(43, '1daf0453279b4306f7fabf37aac328d4', '81dc9bdb52d04dc20036dbd8313ed055'),
(45, 'c9e98b0a2c172f61944bbbc34f5859fa', '7e04890a57fdf0ca3898352e86f41e73'),
(46, '1e53c0cc747739b613853ee784e3485a', '0060a67e50d63ca4450f81430a3503d0'),
(47, '5f968a885d623f06a466abfffee7d19f', '329d0d0840ce4f0584699abdbe31bfbd'),
(48, 'fb0f8495105a0839896e68c7ae38afaa', '44ae8456595a36c924461dbe931c844c'),
(49, 'f00a2833bb1ce9676eeab2b38191478e', '48104a715a102b37fadfa1c7f24d5409'),
(50, 'b014b04c2336ad17cb66dd347fa07262', 'a8c1b4b96a37c655053a7de4ea7d3e47'),
(51, '7140f2a19174031fc2f0fc9df46dcebb', 'def7de8b5b64938f3f35c37b6ef0ef46'),
(52, 'c9662f2b6f5406bda0bf145d896b8aa9', 'd6b1f132253627bb1dfbc8cb815c26b7'),
(53, '66849ba3a64f725140fb92e675b6e5bb', 'b87723466b953a131b26f2b17ac52ea8'),
(54, '7d38e25665eb0911d0dbc1c8ab1a6adf', '5304bfcd74668bc2e1c98d225c7635b0'),
(55, '68858d5fc355ad20c60b339c60b69c07', 'e5c24316173e455cac44c2c5fb92b524'),
(57, '6e7dae1bf6822aae7a99072bd4bfb8e6', '54672eb5b02e3155639f6229a3e584b0'),
(58, '34ad8a6c44339f13a5d50a8848c00ae7', '7e0033ae5ad2ed364faec8d76edfe977'),
(60, '90ebef9caacce70d371bb0ccf2efcae5', '81dc9bdb52d04dc20036dbd8313ed055'),
(61, 'd3e7b98e5897e23b922ca6b025aa0e6f', '81dc9bdb52d04dc20036dbd8313ed055'),
(62, 'a8c1dd7227dd9c01fda6ee4fa16e30f7', '10b41f20ffe01648027e52b51d5d3345'),
(63, '4d6f99b4e52717f82bee9ffcc03c4899', '4662f1e440c5028f12de00a6e612b332'),
(64, '064ae7ba58ba5e92cf224242899eee56', '8ae87e8800856dccefd246622326e4d0'),
(65, 'ca4ba3148cfe4a991a6e1d22841ae77b', 'a0e30bd19fe9a36b651335f0beddc8ad'),
(66, '07192dc9513d773376006f3866a6f402', '6b69b1555907658caf759cb3bba03dfe'),
(67, '09db668e6838789b9fd4a3d5792d5253', '06bae06c455be6a4a0d824e18697ae8a');

--
-- Restricciones para tablas volcadas
--

--
-- Filtros para la tabla `cliente`
--
ALTER TABLE `cliente`
  ADD CONSTRAINT `usuario_ibfk_1` FOREIGN KEY (`id_usuario`) REFERENCES `usuario` (`id`) ON DELETE CASCADE ON UPDATE CASCADE;

--
-- Filtros para la tabla `pedido`
--
ALTER TABLE `pedido`
  ADD CONSTRAINT `pedido_ibfk_2` FOREIGN KEY (`id_producto`) REFERENCES `producto` (`id_producto`) ON DELETE CASCADE ON UPDATE CASCADE,
  ADD CONSTRAINT `pedido_ibfk_3` FOREIGN KEY (`id_cliente`) REFERENCES `cliente` (`id_cliente`) ON DELETE CASCADE ON UPDATE CASCADE;

/*!40101 SET CHARACTER_SET_CLIENT=@OLD_CHARACTER_SET_CLIENT */;
/*!40101 SET CHARACTER_SET_RESULTS=@OLD_CHARACTER_SET_RESULTS */;
/*!40101 SET COLLATION_CONNECTION=@OLD_COLLATION_CONNECTION */;
